[{"id":"user-image-AAAAMERICANCPA-24.png","fileName":"AAAAMERICANCPA-24.png","name":"AAAAMERICANCPA-24","publicUrl":"https://assets.nicepagecdn.com/a00978f9/4899475/images/AAAAMERICANCPA-24.png","size":170140,"hash":"pclFEtCnkzUW5xeV1lvf+JsMABo=","width":5610,"height":2770,"thumbnail":{"url":"https://assets.nicepagecdn.com/a00978f9/4899475/images/thumbnails/AAAAMERICANCPA-24.png","width":150,"height":74},"usages":[]},{"id":"user-image-pleased-handsome-businessman-pointing-person-making-good-point-nice-job-praising-employee-saying-well-done_edited_edited.jpg","fileName":"pleased-handsome-businessman-pointing-person-making-good-point-nice-job-praising-employee-saying-well-done_edited_edited.jpg","name":"pleased-handsome-businessman-pointing-person-making-good-point-nice-job-praising-employee-saying-well-done_edited_edited","publicUrl":"https://assets.nicepagecdn.com/a00978f9/4899475/images/pleased-handsome-businessman-pointing-person-making-good-point-nice-job-praising-employee-saying-well-done_edited_edited.jpg","size":478276,"hash":"5Dfubk6YEP8JDohoNC7UNQiFmZ0=","width":2899,"height":1368,"thumbnail":{"url":"https://assets.nicepagecdn.com/a00978f9/4899475/images/thumbnails/pleased-handsome-businessman-pointing-person-making-good-point-nice-job-praising-employee-saying-well-done_edited_edited.jpg","width":150,"height":71},"usages":["4899546"]},{"id":"user-image-girl.jpg","fileName":"girl.jpg","name":"girl","publicUrl":"https://assets.nicepagecdn.com/a00978f9/4899475/images/girl.jpg","size":314321,"hash":"F+tvX1oW/foTTJeV66DSTN73whM=","width":2899,"height":1368,"thumbnail":{"url":"https://assets.nicepagecdn.com/a00978f9/4899475/images/thumbnails/girl.jpg","width":150,"height":71},"usages":["4899546"]},{"id":"user-image-building.png","fileName":"building.png","name":"building","publicUrl":"https://assets.nicepagecdn.com/a00978f9/4899475/images/building.png","size":18872,"hash":"PmqNpb1HutBRdTalltUGmHQyQMY=","width":512,"height":512,"thumbnail":{"url":"https://assets.nicepagecdn.com/a00978f9/4899475/images/thumbnails/building.png","width":150,"height":150},"usages":["4899546"]},{"id":"user-image-builders.png","fileName":"builders.png","name":"builders","publicUrl":"https://assets.nicepagecdn.com/a00978f9/4899475/images/builders.png","size":25250,"hash":"tHPe2SWs7hWIMSpbMmPIeyUfxu0=","width":512,"height":512,"thumbnail":{"url":"https://assets.nicepagecdn.com/a00978f9/4899475/images/thumbnails/builders.png","width":150,"height":150},"usages":["4899546"]},{"id":"user-image-flood.png","fileName":"flood.png","name":"flood","publicUrl":"https://assets.nicepagecdn.com/a00978f9/4899475/images/flood.png","size":30492,"hash":"cLWiwZ1+liA7DWZLSmkykdcBpBI=","width":512,"height":513,"thumbnail":{"url":"https://assets.nicepagecdn.com/a00978f9/4899475/images/thumbnails/flood.png","width":150,"height":150},"usages":["4899546"]},{"id":"user-image-accident.png","fileName":"accident.png","name":"accident","publicUrl":"https://assets.nicepagecdn.com/a00978f9/4899475/images/accident.png","size":18542,"hash":"eWMYknFuzI5vlnqM0wijBphIMmk=","width":512,"height":512,"thumbnail":{"url":"https://assets.nicepagecdn.com/a00978f9/4899475/images/thumbnails/accident.png","width":150,"height":150},"usages":["4899546"]},{"id":"user-image-real-estate.png","fileName":"real-estate.png","name":"real-estate","publicUrl":"https://assets.nicepagecdn.com/a00978f9/4899475/images/real-estate.png","size":22287,"hash":"eNELxH5besnkseprIjivUk08Phk=","width":512,"height":512,"thumbnail":{"url":"https://assets.nicepagecdn.com/a00978f9/4899475/images/thumbnails/real-estate.png","width":150,"height":150},"usages":["4899546"]},{"id":"user-image-insurance1.png","fileName":"insurance1.png","name":"insurance1","publicUrl":"https://assets.nicepagecdn.com/a00978f9/4899475/images/insurance1.png","size":24636,"hash":"BQo8ZpGXGTJnQesJoWmQxGKlQlA=","width":512,"height":512,"thumbnail":{"url":"https://assets.nicepagecdn.com/a00978f9/4899475/images/thumbnails/insurance1.png","width":150,"height":150},"usages":["4899546"]},{"id":"user-image-dog.png","fileName":"dog.png","name":"dog","publicUrl":"https://assets.nicepagecdn.com/a00978f9/4899475/images/dog.png","size":23231,"hash":"zouou/HJ7OFdDf+MFv838f2l7Jk=","width":512,"height":512,"thumbnail":{"url":"https://assets.nicepagecdn.com/a00978f9/4899475/images/thumbnails/dog.png","width":150,"height":150},"usages":["4899546"]},{"id":"user-image-healthcare.png","fileName":"healthcare.png","name":"healthcare","publicUrl":"https://assets.nicepagecdn.com/a00978f9/4899475/images/healthcare.png","size":22367,"hash":"diPNtFzwf8E0br/x4i2XqBTAQSI=","width":512,"height":512,"thumbnail":{"url":"https://assets.nicepagecdn.com/a00978f9/4899475/images/thumbnails/healthcare.png","width":150,"height":150},"usages":["4899546"]},{"id":"user-image-earthquake.png","fileName":"earthquake.png","name":"earthquake","publicUrl":"https://assets.nicepagecdn.com/a00978f9/4899475/images/earthquake.png","size":22176,"hash":"ce4clZf4p8rn2+8GcZT7KbtL4tk=","width":512,"height":512,"thumbnail":{"url":"https://assets.nicepagecdn.com/a00978f9/4899475/images/thumbnails/earthquake.png","width":150,"height":150},"usages":["4899546"]},{"id":"user-image-insurance.png","fileName":"insurance.png","name":"insurance","publicUrl":"https://assets.nicepagecdn.com/a00978f9/4899475/images/insurance.png","size":29705,"hash":"Za2uYGE9DUr7rEmSTN9kkWzmxl8=","width":512,"height":512,"thumbnail":{"url":"https://assets.nicepagecdn.com/a00978f9/4899475/images/thumbnails/insurance.png","width":150,"height":150},"usages":["4899546"]},{"id":"user-image-home-insurance.png","fileName":"home-insurance.png","name":"home-insurance","publicUrl":"https://assets.nicepagecdn.com/a00978f9/4899475/images/home-insurance.png","size":15777,"hash":"K2XQ03JOKeGAUUdXZ/174YGZA0U=","width":512,"height":512,"thumbnail":{"url":"https://assets.nicepagecdn.com/a00978f9/4899475/images/thumbnails/home-insurance.png","width":150,"height":150},"usages":["4899546"]},{"id":"user-image-bond.png","fileName":"bond.png","name":"bond","publicUrl":"https://assets.nicepagecdn.com/a00978f9/4899475/images/bond.png","size":6836,"hash":"xSPOc1k8lTs10qTczEXtYdqc72I=","width":512,"height":512,"thumbnail":{"url":"https://assets.nicepagecdn.com/a00978f9/4899475/images/thumbnails/bond.png","width":150,"height":150},"usages":[]},{"id":"user-image-liability.png","fileName":"liability.png","name":"liability","publicUrl":"https://assets.nicepagecdn.com/a00978f9/4899475/images/liability.png","size":21667,"hash":"3NfTQh1SQh7XPs2FHB371rn8voo=","width":512,"height":512,"thumbnail":{"url":"https://assets.nicepagecdn.com/a00978f9/4899475/images/thumbnails/liability.png","width":150,"height":150},"usages":[]},{"id":"user-image-cancellation.png","fileName":"cancellation.png","name":"cancellation","publicUrl":"https://assets.nicepagecdn.com/a00978f9/4899475/images/cancellation.png","size":10389,"hash":"5l1XfVzQqLN9aw1HkKcxLwGKbAg=","width":512,"height":512,"thumbnail":{"url":"https://assets.nicepagecdn.com/a00978f9/4899475/images/thumbnails/cancellation.png","width":150,"height":150},"usages":[]},{"id":"user-image-healthcare1.png","fileName":"healthcare1.png","name":"healthcare1","publicUrl":"https://assets.nicepagecdn.com/a00978f9/4899475/images/healthcare1.png","size":18425,"hash":"cBhu/lyL30+wlU1K7UyK2zQXD/E=","width":512,"height":512,"thumbnail":{"url":"https://assets.nicepagecdn.com/a00978f9/4899475/images/thumbnails/healthcare1.png","width":150,"height":150},"usages":[]},{"id":"user-image-car.png","fileName":"car.png","name":"car","publicUrl":"https://assets.nicepagecdn.com/a00978f9/4899475/images/car.png","size":12537,"hash":"JPQ2NduMShTk+ks+k3uP3PHP+wo=","width":512,"height":512,"thumbnail":{"url":"https://assets.nicepagecdn.com/a00978f9/4899475/images/thumbnails/car.png","width":150,"height":150},"usages":[]},{"id":"user-image-policy.png","fileName":"policy.png","name":"policy","publicUrl":"https://assets.nicepagecdn.com/a00978f9/4899475/images/policy.png","size":23905,"hash":"Nz9Bd2oGrFmKnM3GT+tYLwZwmUs=","width":512,"height":512,"thumbnail":{"url":"https://assets.nicepagecdn.com/a00978f9/4899475/images/thumbnails/policy.png","width":150,"height":150},"usages":[]},{"id":"user-image-liabilities.png","fileName":"liabilities.png","name":"liabilities","publicUrl":"https://assets.nicepagecdn.com/a00978f9/4899475/images/liabilities.png","size":18665,"hash":"OfGFipbdxGuriWHitLchxoDa2n8=","width":512,"height":512,"thumbnail":{"url":"https://assets.nicepagecdn.com/a00978f9/4899475/images/thumbnails/liabilities.png","width":150,"height":150},"usages":[]},{"id":"user-image-wage.png","fileName":"wage.png","name":"wage","publicUrl":"https://assets.nicepagecdn.com/a00978f9/4899475/images/wage.png","size":12411,"hash":"PRDprgeZVSpMFmnssuqEWHI0nDo=","width":512,"height":512,"thumbnail":{"url":"https://assets.nicepagecdn.com/a00978f9/4899475/images/thumbnails/wage.png","width":150,"height":150},"usages":["4899546"]},{"id":"user-image-15.png","fileName":"15.png","name":"15","publicUrl":"https://assets.nicepagecdn.com/a00978f9/4899475/images/15.png","size":28795,"hash":"y2PoS8dqesaqDRVUBQbOThyrUGg=","width":1080,"height":1080,"folderId":null,"thumbnail":{"url":"https://assets.nicepagecdn.com/a00978f9/4899475/images/thumbnails/15.png","width":150,"height":150},"usages":["4899546"]},{"id":"user-image-9.png","fileName":"9.png","name":"9","publicUrl":"https://assets.nicepagecdn.com/a00978f9/4899475/images/9.png","size":17162,"hash":"7r30k6fzh2hJnAZiSPwfXyckkmQ=","width":1080,"height":1080,"folderId":null,"thumbnail":{"url":"https://assets.nicepagecdn.com/a00978f9/4899475/images/thumbnails/9.png","width":150,"height":150},"usages":["4899546"]},{"id":"user-image-17.png","fileName":"17.png","name":"17","publicUrl":"https://assets.nicepagecdn.com/a00978f9/4899475/images/17.png","size":58718,"hash":"H7PCDjT0nfyQL/REfnBDsqwjmLs=","width":1080,"height":1080,"folderId":null,"thumbnail":{"url":"https://assets.nicepagecdn.com/a00978f9/4899475/images/thumbnails/17.png","width":150,"height":150},"usages":["4899546"]},{"id":"user-image-7.png","fileName":"7.png","name":"7","publicUrl":"https://assets.nicepagecdn.com/a00978f9/4899475/images/7.png","size":20679,"hash":"Kbkd6JmfeL80L/OXzG2TCbgAhks=","width":1080,"height":1080,"folderId":null,"thumbnail":{"url":"https://assets.nicepagecdn.com/a00978f9/4899475/images/thumbnails/7.png","width":150,"height":150},"usages":["4899546"]},{"id":"user-image-2.png","fileName":"2.png","name":"2","publicUrl":"https://assets.nicepagecdn.com/a00978f9/4899475/images/2.png","size":45388,"hash":"/KXiCgafVCxu6InhvQBAVYSG2zU=","width":1080,"height":1080,"folderId":null,"thumbnail":{"url":"https://assets.nicepagecdn.com/a00978f9/4899475/images/thumbnails/2.png","width":150,"height":150},"usages":["4899546"]},{"id":"user-image-23.png","fileName":"23.png","name":"23","publicUrl":"https://assets.nicepagecdn.com/a00978f9/4899475/images/23.png","size":28419,"hash":"7/48MSA89wt+iq9lJGRMHNDMDXg=","width":1080,"height":1080,"folderId":null,"thumbnail":{"url":"https://assets.nicepagecdn.com/a00978f9/4899475/images/thumbnails/23.png","width":150,"height":150},"usages":["4899546"]},{"id":"user-image-22.png","fileName":"22.png","name":"22","publicUrl":"https://assets.nicepagecdn.com/a00978f9/4899475/images/22.png","size":82519,"hash":"JSGDkSsIo0B8USMI4WvNtK0b2ck=","width":1080,"height":1080,"folderId":null,"thumbnail":{"url":"https://assets.nicepagecdn.com/a00978f9/4899475/images/thumbnails/22.png","width":150,"height":150},"usages":["4899546"]},{"id":"user-image-21.png","fileName":"21.png","name":"21","publicUrl":"https://assets.nicepagecdn.com/a00978f9/4899475/images/21.png","size":79652,"hash":"w5XCZ8A8vg7tcBaR1CxpzOFSWgo=","width":1080,"height":1080,"folderId":null,"thumbnail":{"url":"https://assets.nicepagecdn.com/a00978f9/4899475/images/thumbnails/21.png","width":150,"height":150},"usages":["4899546"]},{"id":"user-image-18.png","fileName":"18.png","name":"18","publicUrl":"https://assets.nicepagecdn.com/a00978f9/4899475/images/18.png","size":42191,"hash":"ys7qBK13TOosE5YM171OvPNramo=","width":1080,"height":1080,"folderId":null,"thumbnail":{"url":"https://assets.nicepagecdn.com/a00978f9/4899475/images/thumbnails/18.png","width":150,"height":150},"usages":["4899546"]},{"id":"user-image-5.png","fileName":"5.png","name":"5","publicUrl":"https://assets.nicepagecdn.com/a00978f9/4899475/images/5.png","size":92607,"hash":"Kw1Knxb5e3DM6aoCdd4IWtM0GGA=","width":1080,"height":1080,"folderId":null,"thumbnail":{"url":"https://assets.nicepagecdn.com/a00978f9/4899475/images/thumbnails/5.png","width":150,"height":150},"usages":["4899546"]},{"id":"user-image-20.png","fileName":"20.png","name":"20","publicUrl":"https://assets.nicepagecdn.com/a00978f9/4899475/images/20.png","size":110086,"hash":"Meis/2hCrxv8YmDtsJVc0rM9G5w=","width":1080,"height":1080,"folderId":null,"thumbnail":{"url":"https://assets.nicepagecdn.com/a00978f9/4899475/images/thumbnails/20.png","width":150,"height":150},"usages":["4899546"]},{"id":"user-image-11.png","fileName":"11.png","name":"11","publicUrl":"https://assets.nicepagecdn.com/a00978f9/4899475/images/11.png","size":102505,"hash":"Q9U7ecloKx+QCrmV9YD0hAykr+8=","width":1080,"height":1080,"folderId":null,"thumbnail":{"url":"https://assets.nicepagecdn.com/a00978f9/4899475/images/thumbnails/11.png","width":150,"height":150},"usages":["4899546"]},{"id":"user-image-10.png","fileName":"10.png","name":"10","publicUrl":"https://assets.nicepagecdn.com/a00978f9/4899475/images/10.png","size":83313,"hash":"msJGGtdzwqlTd4p18fKCy9Kjt/4=","width":1080,"height":1080,"folderId":null,"thumbnail":{"url":"https://assets.nicepagecdn.com/a00978f9/4899475/images/thumbnails/10.png","width":150,"height":150},"usages":["4899546"]},{"id":"user-image-1.png","fileName":"1.png","name":"1","publicUrl":"https://assets.nicepagecdn.com/a00978f9/4899475/images/1.png","size":144479,"hash":"1fFj6Rrr9+ZOJQ1A7pwF2eUdjz8=","width":1080,"height":1080,"folderId":null,"thumbnail":{"url":"https://assets.nicepagecdn.com/a00978f9/4899475/images/thumbnails/1.png","width":150,"height":150},"usages":["4899546"]},{"id":"user-image-8.png","fileName":"8.png","name":"8","publicUrl":"https://assets.nicepagecdn.com/a00978f9/4899475/images/8.png","size":65434,"hash":"aYtoXwRHilPbp+WphIuv0kMOTqk=","width":1080,"height":1080,"folderId":null,"thumbnail":{"url":"https://assets.nicepagecdn.com/a00978f9/4899475/images/thumbnails/8.png","width":150,"height":150},"usages":["4899546"]},{"id":"user-image-12.png","fileName":"12.png","name":"12","publicUrl":"https://assets.nicepagecdn.com/a00978f9/4899475/images/12.png","size":58856,"hash":"9TZMnX247X5e4T6sUOFhpaEEuJk=","width":1080,"height":1080,"folderId":null,"thumbnail":{"url":"https://assets.nicepagecdn.com/a00978f9/4899475/images/thumbnails/12.png","width":150,"height":150},"usages":["4899546"]},{"id":"user-image-16.png","fileName":"16.png","name":"16","publicUrl":"https://assets.nicepagecdn.com/a00978f9/4899475/images/16.png","size":23253,"hash":"wZ5N+HgZmKNOSeMl1ou3ke8MDV0=","width":1080,"height":1080,"folderId":null,"thumbnail":{"url":"https://assets.nicepagecdn.com/a00978f9/4899475/images/thumbnails/16.png","width":150,"height":150},"usages":["4899546"]},{"id":"user-image-14.png","fileName":"14.png","name":"14","publicUrl":"https://assets.nicepagecdn.com/a00978f9/4899475/images/14.png","size":30789,"hash":"FLuNlUTf9BJJQUIwO0jGGJU3IZY=","width":1080,"height":1080,"folderId":null,"thumbnail":{"url":"https://assets.nicepagecdn.com/a00978f9/4899475/images/thumbnails/14.png","width":150,"height":150},"usages":["4899546"]},{"id":"user-image-6.png","fileName":"6.png","name":"6","publicUrl":"https://assets.nicepagecdn.com/a00978f9/4899475/images/6.png","size":24035,"hash":"XgC45BuawSCNa5ADiU6ySIqDgWc=","width":1080,"height":1080,"folderId":null,"thumbnail":{"url":"https://assets.nicepagecdn.com/a00978f9/4899475/images/thumbnails/6.png","width":150,"height":150},"usages":["4899546"]},{"id":"user-image-19.png","fileName":"19.png","name":"19","publicUrl":"https://assets.nicepagecdn.com/a00978f9/4899475/images/19.png","size":119189,"hash":"D71DNUwnLOMYDiMEzkYebY87Orw=","width":1080,"height":1080,"folderId":null,"thumbnail":{"url":"https://assets.nicepagecdn.com/a00978f9/4899475/images/thumbnails/19.png","width":150,"height":150},"usages":["4899546"]},{"id":"user-image-3.png","fileName":"3.png","name":"3","publicUrl":"https://assets.nicepagecdn.com/a00978f9/4899475/images/3.png","size":63890,"hash":"BOGvw7wle+sSvXwEen/IqBoTHYA=","width":1080,"height":1080,"folderId":null,"thumbnail":{"url":"https://assets.nicepagecdn.com/a00978f9/4899475/images/thumbnails/3.png","width":150,"height":150},"usages":["4899546"]},{"id":"user-image-4.png","fileName":"4.png","name":"4","publicUrl":"https://assets.nicepagecdn.com/a00978f9/4899475/images/4.png","size":28699,"hash":"jfRmU45Mgqk9PyguYeeUyUJBzoo=","width":1080,"height":1080,"folderId":null,"thumbnail":{"url":"https://assets.nicepagecdn.com/a00978f9/4899475/images/thumbnails/4.png","width":150,"height":150},"usages":["4899546"]},{"id":"user-image-13.png","fileName":"13.png","name":"13","publicUrl":"https://assets.nicepagecdn.com/a00978f9/4899475/images/13.png","size":144053,"hash":"AkCfSrOwgEbgJljK2OXevWT6Pjs=","width":1080,"height":1080,"folderId":null,"thumbnail":{"url":"https://assets.nicepagecdn.com/a00978f9/4899475/images/thumbnails/13.png","width":150,"height":150},"usages":["4899546"]}]